{
  "2023-03-01": {
    "IMEI": 7,

    "DEST IPV4": 25265,

    "CELL ID": 290,

    "MACID": 1,

    "IMSI": 1,

    "MSISDN": 517,

    "IPV6": 458,

    "IPV4": 2115
  },

  "2023-03-02": {
    "MSISDN": 477,

    "DEST PORT": 1,

    "IMEI": 11,

    "CELL ID": 114,

    "DEST IPV4": 5362,

    "IPV6": 895,

    "IPV4": 2953
  },

  "2023-03-03": {
    "CELL ID": 163,

    "IPV6": 688,

    "DEST IPV4": 27090,

    "IPV4": 2077,

    "MACID": 1,

    "IMEI": 18,

    "MSISDN": 393
  },

  "2023-03-04": {
    "CELL ID": 151,

    "IMEI": 14,

    "DEST IPV4": 3149,

    "MSISDN": 276,

    "IPV6": 1093,

    "IPV4": 512
  },

  "2023-03-05": {
    "IMEI": 8,

    "MSISDN": 285,

    "CELL ID": 101,

    "DEST IPV4": 5267,

    "IPV4": 3345,

    "IPV6": 236
  },

  "2023-03-06": {
    "IMSI": 3,

    "CELL ID": 81,

    "MSISDN": 469,

    "DEST IPV4": 2362,

    "IMEI": 13,

    "IPV4": 8191,

    "IPV6": 390
  },

  "2023-03-07": {
    "IPV4": 1150,

    "CELL ID": 9741,

    "IMEI": 9,

    "DEST IPV4": 16729,

    "MSISDN": 382,

    "IPV6": 492
  },

  "2023-03-08": {
    "CELL ID": 16593,

    "IMEI": 6,

    "MSISDN": 224,

    "MACID": 1,

    "IPV4": 2224,

    "IPV6": 186,

    "DEST IPV4": 1983
  },

  "2023-03-09": {
    "IPV4": 2219,

    "IPV6": 415,

    "DEST IPV4": 5968,

    "CELL ID": 97,

    "MACID": 2,

    "IMEI": 46,

    "MSISDN": 370
  },

  "2023-03-10": {
    "CELL ID": 4142,

    "IPV4": 1038,

    "MSISDN": 425,

    "IPV6": 1127,

    "MACID": 4,

    "DEST IPV4": 7889,

    "IMEI": 26
  },

  "2023-03-11": {
    "IPV4": 583,

    "CELL ID": 534,

    "IPV6": 575,

    "MSISDN": 414,

    "DEST IPV4": 14464,

    "IMEI": 15
  },

  "2023-03-12": {
    "IMSI": 1,

    "MSISDN": 256,

    "DEST IPV4": 315,

    "IPV4": 179,

    "CELL ID": 42,

    "IPV6": 263,

    "IMEI": 16
  },

  "2023-03-13": {
    "MACID": 1,

    "IMEI": 19,

    "MSISDN": 522,

    "DEST IPV4": 56261,

    "IPV6": 568,

    "IPV4": 3073,

    "CELL ID": 2285
  },

  "2023-03-14": {
    "DEST IPV4": 104330,

    "IPV6": 1050,

    "IMSI": 5,

    "MSISDN": 576,

    "CELL ID": 92,

    "IPV4": 3884,

    "IMEI": 42
  },

  "2023-03-15": {
    "MACID": 3,

    "IMEI": 29,

    "DEST IPV4": 2658,

    "MSISDN": 378,

    "CELL ID": 186,

    "IPV6": 597,

    "IPV4": 1013
  },

  "2023-03-16": {
    "MSISDN": 385,

    "IPV6": 680,

    "IPV4": 891,

    "CELL ID": 1028,

    "IMEI": 16,

    "MACID": 1,

    "DEST IPV4": 2545
  },

  "2023-03-17": {
    "CELL ID": 752,

    "MSISDN": 562,

    "DEST IPV4": 10622,

    "IPV6": 458,

    "IPV4": 2068,

    "MACID": 4,

    "IMEI": 46
  },

  "2023-03-18": {
    "IMEI": 34,

    "MSISDN": 576,

    "IPV4": 4192,

    "CELL ID": 76,

    "IPV6": 825,

    "DEST IPV4": 11614
  },

  "2023-03-19": {
    "CELL ID": 3857,

    "IMEI": 12,

    "MACID": 49,

    "IPV4": 2311,

    "IPV6": 445,

    "MSISDN": 365,

    "DEST IPV4": 5125
  },

  "2023-03-20": {
    "CELL ID": 2436,

    "DEST IPV4": 6214,

    "IMEI": 16,

    "MSISDN": 444,

    "IPV6": 509,

    "MACID": 16,

    "IPV4": 1261
  },

  "2023-03-21": {
    "IMEI": 40,

    "DEST IPV4": 922,

    "MACID": 4,

    "MSISDN": 373,

    "IPV4": 2033,

    "CELL ID": 55,

    "IPV6": 508
  },

  "2023-03-22": {
    "DEST IPV4": 1089,

    "MACID": 1,

    "IMEI": 19,

    "IPV4": 1030,

    "IPV6": 434,

    "MSISDN": 465,

    "CELL ID": 185,

    "DEST PORT": 2
  },

  "2023-03-23": {
    "IPV6": 659,

    "MSISDN": 423,

    "MACID": 3,

    "CELL ID": 141,

    "IMEI": 26,

    "DEST IPV4": 2798,

    "IPV4": 1715,

    "IMSI": 4
  },

  "2023-03-24": {
    "IMEI": 72,

    "MACID": 6,

    "MSISDN": 4216,

    "CELL ID": 96,

    "DEST PORT": 3,

    "IPV6": 1250,

    "DEST IPV4": 21968,

    "IPV4": 1595
  },

  "2023-03-25": {
    "IPV6": 907,

    "IMEI": 32,

    "DEST IPV4": 5590,

    "MACID": 2,

    "IPV4": 1319,

    "MSISDN": 354,

    "CELL ID": 12255
  }
}
