{
  "2023-03-01": {
    "MSISDN": 327,

    "CELL ID": 200,

    "IMSI": 1,

    "DEST IPV4": 17165,

    "IPV6": 449,

    "IPV4": 1374,

    "IMEI": 7,

    "MACID": 1
  },

  "2023-03-02": {
    "DEST IPV4": 4865,

    "IMEI": 7,

    "IPV4": 2592,

    "MSISDN": 272,

    "IPV6": 817,

    "CELL ID": 92
  },

  "2023-03-03": {
    "IPV4": 2040,

    "IPV6": 629,

    "MSISDN": 221,

    "MACID": 1,

    "DEST IPV4": 24158,

    "IMEI": 16,

    "CELL ID": 81
  },

  "2023-03-04": {
    "IPV4": 399,

    "IPV6": 1085,

    "MSISDN": 184,

    "IMEI": 12,

    "DEST IPV4": 3008,

    "CELL ID": 110
  },

  "2023-03-05": {
    "MSISDN": 211,

    "DEST IPV4": 4618,

    "CELL ID": 92,

    "IPV6": 234,

    "IMEI": 7,

    "IPV4": 3305
  },

  "2023-03-06": {
    "MSISDN": 268,

    "CELL ID": 57,

    "IPV6": 299,

    "IPV4": 7868,

    "DEST IPV4": 1889,

    "IMEI": 12
  },

  "2023-03-07": {
    "IMEI": 7,

    "IPV6": 480,

    "IPV4": 419,

    "DEST IPV4": 14761,

    "CELL ID": 9213,

    "MSISDN": 253
  },

  "2023-03-08": {
    "DEST IPV4": 266,

    "MACID": 1,

    "IMEI": 6,

    "MSISDN": 125,

    "CELL ID": 12549,

    "IPV4": 2220,

    "IPV6": 182
  },

  "2023-03-09": {
    "MSISDN": 229,

    "IPV6": 401,

    "CELL ID": 81,

    "IPV4": 2076,

    "DEST IPV4": 3517,

    "MACID": 2,

    "IMEI": 26
  },

  "2023-03-10": {
    "MACID": 2,

    "IMEI": 22,

    "CELL ID": 4127,

    "IPV6": 1091,

    "MSISDN": 292,

    "DEST IPV4": 6160,

    "IPV4": 876
  },

  "2023-03-11": {
    "CELL ID": 224,

    "MSISDN": 231,

    "IMEI": 11,

    "IPV4": 566,

    "IPV6": 526,

    "DEST IPV4": 13080
  },

  "2023-03-12": {
    "IMEI": 15,

    "CELL ID": 24,

    "MSISDN": 134,

    "DEST IPV4": 30,

    "IPV6": 245,

    "IPV4": 144
  },

  "2023-03-13": {
    "MACID": 1,

    "IPV4": 2754,

    "IPV6": 520,

    "IMEI": 18,

    "CELL ID": 2276,

    "MSISDN": 335,

    "DEST IPV4": 52673
  },

  "2023-03-14": {
    "DEST IPV4": 93992,

    "IMSI": 3,

    "IMEI": 42,

    "IPV6": 1046,

    "IPV4": 3776,

    "MSISDN": 451,

    "CELL ID": 85
  },

  "2023-03-15": {
    "MSISDN": 221,

    "IMEI": 25,

    "IPV4": 872,

    "CELL ID": 184,

    "IPV6": 583,

    "DEST IPV4": 2162
  },

  "2023-03-16": {
    "MSISDN": 259,

    "CELL ID": 1018,

    "IPV6": 671,

    "IPV4": 836,

    "IMEI": 10,

    "MACID": 1,

    "DEST IPV4": 2068
  },

  "2023-03-17": {
    "MSISDN": 403,

    "IPV6": 446,

    "IPV4": 2044,

    "CELL ID": 730,

    "MACID": 4,

    "IMEI": 40,

    "DEST IPV4": 8822
  },

  "2023-03-18": {
    "IMEI": 32,

    "CELL ID": 49,

    "DEST IPV4": 10279,

    "IPV4": 3203,

    "IPV6": 799,

    "MSISDN": 429
  },

  "2023-03-19": {
    "IPV6": 436,

    "IPV4": 2280,

    "DEST IPV4": 2978,

    "MACID": 37,

    "CELL ID": 3857,

    "IMEI": 12,

    "MSISDN": 304
  },

  "2023-03-20": {
    "MSISDN": 339,

    "CELL ID": 2415,

    "IPV4": 538,

    "IPV6": 469,

    "DEST IPV4": 3327,

    "MACID": 16,

    "IMEI": 10
  },

  "2023-03-21": {
    "DEST IPV4": 487,

    "MACID": 4,

    "IMEI": 37,

    "IPV4": 2019,

    "MSISDN": 233,

    "CELL ID": 53,

    "IPV6": 487
  },

  "2023-03-22": {
    "MSISDN": 315,

    "CELL ID": 169,

    "IMEI": 16,

    "DEST IPV4": 391,

    "IPV6": 417,

    "IPV4": 996
  },


  "2023-03-24": {
    "DEST PORT": 1,

    "DEST IPV4": 12467,

    "CELL ID": 81,

    "IPV4": 1507,

    "MSISDN": 4008,

    "IPV6": 1227,

    "IMEI": 64,

    "MACID": 6
  },

  "2023-03-25": {
    "MSISDN": 275,

    "MACID": 2,

    "IMEI": 30,

    "CELL ID": 12248,

    "IPV6": 892,

    "IPV4": 1216,

    "DEST IPV4": 2904
  }
}
